[{"model": "contenttypes.contenttype", "fields": {"app_label": "admin", "model": "logentry"}}, {"model": "contenttypes.contenttype", "fields": {"app_label": "auth", "model": "permission"}}, {"model": "contenttypes.contenttype", "fields": {"app_label": "auth", "model": "group"}}, {"model": "contenttypes.contenttype", "fields": {"app_label": "auth", "model": "user"}}, {"model": "contenttypes.contenttype", "fields": {"app_label": "contenttypes", "model": "contenttype"}}, {"model": "contenttypes.contenttype", "fields": {"app_label": "sessions", "model": "session"}}, {"model": "contenttypes.contenttype", "fields": {"app_label": "inventario", "model": "categoria"}}, {"model": "contenttypes.contenttype", "fields": {"app_label": "inventario", "model": "cliente"}}, {"model": "contenttypes.contenttype", "fields": {"app_label": "inventario", "model": "caja"}}, {"model": "contenttypes.contenttype", "fields": {"app_label": "inventario", "model": "producto"}}, {"model": "contenttypes.contenttype", "fields": {"app_label": "inventario", "model": "sale"}}, {"model": "contenttypes.contenttype", "fields": {"app_label": "inventario", "model": "saleitem"}}, {"model": "sessions.session", "pk": "6dtlrdkxcb8g5mqa8nd97og42msf0zvi", "fields": {"session_data": ".eJxVjEEOwiAQRe_C2hDGQgGX7nsGMjOAVA0kpV0Z765NutDtf-_9lwi4rSVsPS1hjuIiQJx-N0J-pLqDeMd6a5JbXZeZ5K7Ig3Y5tZie18P9OyjYy7dGNozKcD4DagdWY8pOKxuVHzECJGU9erLGgR_JKaKYMZthQM8DgRHvD-78OCQ:1upAin:7tFMg3uX800Y0H-QTqdDdG6qf1SdOoTJHDA7lO1qqD4", "expire_date": "2025-09-04T19:13:13.966Z"}}, {"model": "sessions.session", "pk": "bpckt7sru4nf623vmk0dpl1aevpz9zrl", "fields": {"session_data": ".eJxVjEEOwiAQRe_C2hDGQgGX7nsGMjOAVA0kpV0Z765NutDtf-_9lwi4rSVsPS1hjuIiQJx-N0J-pLqDeMd6a5JbXZeZ5K7Ig3Y5tZie18P9OyjYy7dGNozKcD4DagdWY8pOKxuVHzECJGU9erLGgR_JKaKYMZthQM8DgRHvD-78OCQ:1uqcEu:aQYw3uSOXlz3n-gWV3kK_qt1x_pxy1oUzw5a0A_tN-w", "expire_date": "2025-09-08T18:48:20.036Z"}}, {"model": "sessions.session", "pk": "coa7h5j9g2sn52i2923p8xnxzq2ngwkw", "fields": {"session_data": ".eJxVjEEOgjAQRe_StWkKhaG4dM8ZmplOx6KmTSisjHcXEha6_e-9_1YetzX5rcbFz6yuqlOX340wPGM-AD8w34sOJa_LTPpQ9EmrngrH1-10_w4S1rTXIQwAQgwtkTECbFtsEAfXg2OUnYy9CLsQXQOWebRiyEYSg51zYNTnCxoxOSo:1utCc8:R6b0ZkJ9SyEC4pdJKuBXlc4qoJ2yDc2Q2xCDeyR426I", "expire_date": "2025-09-15T22:03:00.004Z"}}, {"model": "sessions.session", "pk": "qh7643d7112m2lmk5yc35paoz0iitspb", "fields": {"session_data": ".eJxVjEEOwiAQRe_C2hCg0wIu3XsGwjCDVA0kpV0Z765NutDtf-_9lwhxW0vYOi9hJnEWRpx-N4zpwXUHdI_11mRqdV1mlLsiD9rltRE_L4f7d1BiL986g-IhWTTAgFaDBjsZD84DZQXeE2jHKg1ACT37qPJIg9Wj0zTFrFC8P8rCN3s:1upC9F:JyLGmZoItFbLs4i1XammGSKHLeDsZ16WZ3paugjvUrM", "expire_date": "2025-09-04T20:44:37.003Z"}}, {"model": "inventario.cliente", "pk": 1, "fields": {"nombre": "ADMIN", "documento": null}}, {"model": "inventario.cliente", "pk": 2, "fields": {"nombre": "20610735712 - 966632174", "documento": null}}, {"model": "inventario.categoria", "pk": 1, "fields": {"nombre": "CER┴MICA"}}, {"model": "inventario.categoria", "pk": 2, "fields": {"nombre": "SANITARIO"}}, {"model": "inventario.categoria", "pk": 3, "fields": {"nombre": "PORCELANATO"}}, {"model": "inventario.categoria", "pk": 4, "fields": {"nombre": "PEGAMENTO"}}, {"model": "inventario.categoria", "pk": 6, "fields": {"nombre": "FRAGUA"}}, {"model": "inventario.categoria", "pk": 8, "fields": {"nombre": "OTROS"}}, {"model": "inventario.categoria", "pk": 9, "fields": {"nombre": "ACABADOS"}}, {"model": "inventario.producto", "pk": 360, "fields": {"nombre": "Cerßmica Copa Cabana Gris", "marca": "Celima", "categoria": 1, "stock": "0.00", "unidad_medida": "30x60", "precio_venta": "27.00", "vendidos": "0.00", "proveedor": "NA"}}, {"model": "inventario.producto", "pk": 361, "fields": {"nombre": "Cerßmica New Jaspes Blanco", "marca": "Celima", "categoria": 1, "stock": "20.00", "unidad_medida": "30x60", "precio_venta": "25.00", "vendidos": "0.00", "proveedor": "NA"}}, {"model": "inventario.producto", "pk": 362, "fields": {"nombre": "Cerßmica Dives Hueso", "marca": "Celima", "categoria": 1, "stock": "0.00", "unidad_medida": "27x45", "precio_venta": "25.00", "vendidos": "0.00", "proveedor": "NA"}}, {"model": "inventario.producto", "pk": 363, "fields": {"nombre": "Cerßmica Fiori Marfil", "marca": "San Lorenzo", "categoria": 1, "stock": "21.00", "unidad_medida": "27x45", "precio_venta": "25.00", "vendidos": "0.00", "proveedor": "NA"}}, {"model": "inventario.producto", "pk": 364, "fields": {"nombre": "Cerßmica Ictus Gray", "marca": "Gala", "categoria": 1, "stock": "0.00", "unidad_medida": "46x46", "precio_venta": "26.00", "vendidos": "0.00", "proveedor": "NA"}}, {"model": "inventario.producto", "pk": 365, "fields": {"nombre": "Cerßmica Alpuano", "marca": "Gala", "categoria": 1, "stock": "5.00", "unidad_medida": "46x46", "precio_venta": "26.00", "vendidos": "0.00", "proveedor": "NA"}}, {"model": "inventario.producto", "pk": 366, "fields": {"nombre": "Cerßmica Juan Rey Beige", "marca": "San Lorenzo", "categoria": 1, "stock": "10.00", "unidad_medida": "27x45", "precio_venta": "25.00", "vendidos": "0.00", "proveedor": "NA"}}, {"model": "inventario.producto", "pk": 367, "fields": {"nombre": "Cerßmica Maching", "marca": "Scop", "categoria": 1, "stock": "7.00", "unidad_medida": "45x45", "precio_venta": "25.00", "vendidos": "0.00", "proveedor": "NA"}}, {"model": "inventario.producto", "pk": 368, "fields": {"nombre": "Cerßmica Fresia Grey", "marca": "Celima", "categoria": 1, "stock": "4.00", "unidad_medida": "30x60", "precio_venta": "27.00", "vendidos": "0.00", "proveedor": "NA"}}, {"model": "inventario.producto", "pk": 369, "fields": {"nombre": "Cerßmica Piso Larice", "marca": "Celima", "categoria": 1, "stock": "14.00", "unidad_medida": "30x60", "precio_venta": "28.00", "vendidos": "0.00", "proveedor": "NA"}}, {"model": "inventario.producto", "pk": 370, "fields": {"nombre": "Cerßmica Dalia Ivory", "marca": "Celima", "categoria": 1, "stock": "7.00", "unidad_medida": "30x60", "precio_venta": "26.00", "vendidos": "0.00", "proveedor": "NA"}}, {"model": "inventario.producto", "pk": 371, "fields": {"nombre": "Cerßmica Conorus Gold", "marca": "San Lorenzo", "categoria": 1, "stock": "7.00", "unidad_medida": "45x45", "precio_venta": "27.00", "vendidos": "0.00", "proveedor": "NA"}}, {"model": "inventario.producto", "pk": 372, "fields": {"nombre": "Cerßmica Chopa", "marca": "Gala", "categoria": 1, "stock": "33.00", "unidad_medida": "45x45", "precio_venta": "25.00", "vendidos": "0.00", "proveedor": "NA"}}, {"model": "inventario.producto", "pk": 373, "fields": {"nombre": "Cerßmica Madera Real", "marca": "Gala", "categoria": 1, "stock": "15.00", "unidad_medida": "46x46", "precio_venta": "25.00", "vendidos": "0.00", "proveedor": "NA"}}, {"model": "inventario.producto", "pk": 374, "fields": {"nombre": "Cerßmica Prisma Blanco Brillante", "marca": "Celima", "categoria": 1, "stock": "7.00", "unidad_medida": "30x60", "precio_venta": "27.00", "vendidos": "0.00", "proveedor": "NA"}}, {"model": "inventario.producto", "pk": 375, "fields": {"nombre": "Cerßmica Kenko Gris", "marca": "Gala", "categoria": 1, "stock": "33.00", "unidad_medida": "30x60", "precio_venta": "28.00", "vendidos": "0.00", "proveedor": "NA"}}, {"model": "inventario.producto", "pk": 376, "fields": {"nombre": "Cerßmica Copa Cabana Beige", "marca": "Celima", "categoria": 1, "stock": "2.00", "unidad_medida": "30x60", "precio_venta": "27.00", "vendidos": "0.00", "proveedor": "NA"}}, {"model": "inventario.producto", "pk": 377, "fields": {"nombre": "Cerßmica Diamante Negro", "marca": "Gala", "categoria": 1, "stock": "9.00", "unidad_medida": "46x46", "precio_venta": "26.00", "vendidos": "0.00", "proveedor": "NA"}}, {"model": "inventario.producto", "pk": 378, "fields": {"nombre": "Cerßmica Madera Lara Caramelo", "marca": "Scop", "categoria": 1, "stock": "28.00", "unidad_medida": "45x45", "precio_venta": "25.00", "vendidos": "0.00", "proveedor": "NA"}}, {"model": "inventario.producto", "pk": 379, "fields": {"nombre": "Cerßmica Brick Ondas Hueso", "marca": "Celima", "categoria": 1, "stock": "20.00", "unidad_medida": "30x60", "precio_venta": "27.00", "vendidos": "0.00", "proveedor": "NA"}}, {"model": "inventario.producto", "pk": 380, "fields": {"nombre": "Cerßmica Atenas Gris", "marca": "Celima", "categoria": 1, "stock": "23.00", "unidad_medida": "45x45", "precio_venta": "25.00", "vendidos": "0.00", "proveedor": "NA"}}, {"model": "inventario.producto", "pk": 381, "fields": {"nombre": "Cerßmica Tabl¾n Gris", "marca": "Celima", "categoria": 1, "stock": "5.00", "unidad_medida": "20x60", "precio_venta": "25.00", "vendidos": "0.00", "proveedor": "NA"}}, {"model": "inventario.producto", "pk": 382, "fields": {"nombre": "Cerßmica Mosaico Plus Gris", "marca": "Celima", "categoria": 1, "stock": "8.00", "unidad_medida": "30x60", "precio_venta": "27.00", "vendidos": "0.00", "proveedor": "NA"}}, {"model": "inventario.producto", "pk": 383, "fields": {"nombre": "Cerßmica Atenas Marfil", "marca": "Celima", "categoria": 1, "stock": "11.00", "unidad_medida": "45x45", "precio_venta": "25.00", "vendidos": "0.00", "proveedor": "NA"}}, {"model": "inventario.producto", "pk": 384, "fields": {"nombre": "Cerßmica Savina Hueso", "marca": "Celima", "categoria": 1, "stock": "0.00", "unidad_medida": "27x45", "precio_venta": "25.00", "vendidos": "0.00", "proveedor": "NA"}}, {"model": "inventario.producto", "pk": 385, "fields": {"nombre": "Cerßmica Tabl¾n", "marca": "Celima", "categoria": 1, "stock": "6.00", "unidad_medida": "20x60", "precio_venta": "25.00", "vendidos": "0.00", "proveedor": "NA"}}, {"model": "inventario.producto", "pk": 386, "fields": {"nombre": "Cerßmica Brique Negro", "marca": "Gala", "categoria": 1, "stock": "21.00", "unidad_medida": "30x60", "precio_venta": "28.00", "vendidos": "0.00", "proveedor": "NA"}}, {"model": "inventario.producto", "pk": 387, "fields": {"nombre": "Cerßmica Piave Blanco", "marca": "Celima", "categoria": 1, "stock": "25.00", "unidad_medida": "45x45", "precio_venta": "25.00", "vendidos": "0.00", "proveedor": "NA"}}, {"model": "inventario.producto", "pk": 388, "fields": {"nombre": "Cerßmica Chocolate Gris", "marca": "Celima", "categoria": 1, "stock": "8.00", "unidad_medida": "27x45", "precio_venta": "25.00", "vendidos": "0.00", "proveedor": "NA"}}, {"model": "inventario.producto", "pk": 389, "fields": {"nombre": "Cerßmica Trama Plus Beish", "marca": "Celima", "categoria": 1, "stock": "0.00", "unidad_medida": "30x60", "precio_venta": "27.00", "vendidos": "0.00", "proveedor": "NA"}}, {"model": "inventario.producto", "pk": 390, "fields": {"nombre": "Pedestales", "marca": "Trevol", "categoria": 2, "stock": "2.00", "unidad_medida": "Pedestal", "precio_venta": "60.00", "vendidos": "0.00", "proveedor": "NA"}}, {"model": "inventario.producto", "pk": 391, "fields": {"nombre": "Inodoro Eco Taza + Tanque", "marca": "Trevol", "categoria": 2, "stock": "5.00", "unidad_medida": "Taza + Tanque", "precio_venta": "210.00", "vendidos": "0.00", "proveedor": "NA"}}, {"model": "inventario.producto", "pk": 392, "fields": {"nombre": "Accesorios de Sanitario", "marca": "Trevol", "categoria": 2, "stock": "7.00", "unidad_medida": "Accesorios", "precio_venta": "100.00", "vendidos": "0.00", "proveedor": "NA"}}, {"model": "inventario.producto", "pk": 393, "fields": {"nombre": "Bloques de Vidrio", "marca": "S.G.B.", "categoria": 2, "stock": "60.00", "unidad_medida": "Unidades", "precio_venta": "10.00", "vendidos": "0.00", "proveedor": "NA"}}, {"model": "inventario.producto", "pk": 394, "fields": {"nombre": "Urinario Bambi", "marca": "Trevol", "categoria": 2, "stock": "1.00", "unidad_medida": "Bambi", "precio_venta": "150.00", "vendidos": "0.00", "proveedor": "NA"}}, {"model": "inventario.producto", "pk": 395, "fields": {"nombre": "Lavatorio Mßncora", "marca": "Trevol", "categoria": 2, "stock": "4.00", "unidad_medida": "Mßncora", "precio_venta": "60.00", "vendidos": "0.00", "proveedor": "NA"}}, {"model": "inventario.producto", "pk": 396, "fields": {"nombre": "Porcelanato Madera Tabaco", "marca": "Porcelatino", "categoria": 3, "stock": "8.00", "unidad_medida": "60x60", "precio_venta": "28.00", "vendidos": "0.00", "proveedor": "NA"}}, {"model": "inventario.producto", "pk": 397, "fields": {"nombre": "Porcelanato Paquet Gris", "marca": "Porcelatino", "categoria": 3, "stock": "10.00", "unidad_medida": "60x60", "precio_venta": "26.00", "vendidos": "0.00", "proveedor": "NA"}}, {"model": "inventario.producto", "pk": 398, "fields": {"nombre": "Porcelanato Origami", "marca": "Roma", "categoria": 3, "stock": "30.00", "unidad_medida": "30x60", "precio_venta": "27.00", "vendidos": "0.00", "proveedor": "NA"}}, {"model": "inventario.producto", "pk": 399, "fields": {"nombre": "Porcelanato Madera Caramelo", "marca": "Porcelatino", "categoria": 3, "stock": "12.00", "unidad_medida": "60x60", "precio_venta": "26.00", "vendidos": "0.00", "proveedor": "NA"}}, {"model": "inventario.producto", "pk": 400, "fields": {"nombre": "Porcelanato Madera Gris", "marca": "Porcelatino", "categoria": 3, "stock": "38.00", "unidad_medida": "46x46", "precio_venta": "26.00", "vendidos": "0.00", "proveedor": "NA"}}, {"model": "inventario.producto", "pk": 401, "fields": {"nombre": "Porcelanato Piedra Gris", "marca": "Porcelatino", "categoria": 3, "stock": "20.00", "unidad_medida": "46x46", "precio_venta": "26.00", "vendidos": "0.00", "proveedor": "NA"}}, {"model": "inventario.producto", "pk": 402, "fields": {"nombre": "Porcelanato Madera Caramelo", "marca": "Porcelatino", "categoria": 3, "stock": "13.00", "unidad_medida": "46x46", "precio_venta": "26.00", "vendidos": "0.00", "proveedor": "NA"}}, {"model": "inventario.producto", "pk": 403, "fields": {"nombre": "Porcelanato Venus Azul", "marca": "Roma", "categoria": 3, "stock": "23.00", "unidad_medida": "30x60", "precio_venta": "27.00", "vendidos": "0.00", "proveedor": "NA"}}, {"model": "inventario.producto", "pk": 404, "fields": {"nombre": "Porcelanato Piedra Azul", "marca": "Porcelatino", "categoria": 3, "stock": "30.00", "unidad_medida": "46x46", "precio_venta": "26.00", "vendidos": "0.00", "proveedor": "NA"}}, {"model": "inventario.producto", "pk": 405, "fields": {"nombre": "Porcelanato Parquet Gris", "marca": "Porcelatino", "categoria": 3, "stock": "14.00", "unidad_medida": "46x46", "precio_venta": "25.00", "vendidos": "0.00", "proveedor": "NA"}}, {"model": "inventario.producto", "pk": 406, "fields": {"nombre": "Porcelanato Parquet Caramelo", "marca": "Porcelatino", "categoria": 3, "stock": "17.00", "unidad_medida": "60x60", "precio_venta": "27.00", "vendidos": "0.00", "proveedor": "NA"}}, {"model": "inventario.producto", "pk": 407, "fields": {"nombre": "Porcelanato Textil Gris", "marca": "Porcelatino", "categoria": 3, "stock": "28.00", "unidad_medida": "60x60", "precio_venta": "27.00", "vendidos": "0.00", "proveedor": "NA"}}, {"model": "inventario.producto", "pk": 408, "fields": {"nombre": "Porcelanato Piedra Beige", "marca": "Porcelatino", "categoria": 3, "stock": "10.00", "unidad_medida": "46x46", "precio_venta": "25.00", "vendidos": "0.00", "proveedor": "NA"}}, {"model": "inventario.producto", "pk": 409, "fields": {"nombre": "Porcelanato Negro Vetas Blancas", "marca": "Porcelatino", "categoria": 3, "stock": "20.00", "unidad_medida": "60x60", "precio_venta": "27.00", "vendidos": "0.00", "proveedor": "NA"}}, {"model": "inventario.producto", "pk": 410, "fields": {"nombre": "Porcelanato Prik Blanco con Gris", "marca": "Roma", "categoria": 3, "stock": "22.00", "unidad_medida": "30x60", "precio_venta": "28.00", "vendidos": "0.00", "proveedor": "NA"}}, {"model": "inventario.producto", "pk": 411, "fields": {"nombre": "Porcelanato Blanco", "marca": "Porcelatino", "categoria": 3, "stock": "11.00", "unidad_medida": "60x60", "precio_venta": "27.00", "vendidos": "0.00", "proveedor": "NA"}}, {"model": "inventario.producto", "pk": 412, "fields": {"nombre": "Porcelanato Negro Vetas Bronce", "marca": "Porcelatino", "categoria": 3, "stock": "28.00", "unidad_medida": "60x60", "precio_venta": "27.00", "vendidos": "0.00", "proveedor": "NA"}}, {"model": "inventario.producto", "pk": 413, "fields": {"nombre": "Porcelanato Madera", "marca": "Porcelatino", "categoria": 3, "stock": "19.00", "unidad_medida": "60x60", "precio_venta": "27.00", "vendidos": "0.00", "proveedor": "NA"}}, {"model": "inventario.producto", "pk": 414, "fields": {"nombre": "Porcelanato Gala Beige", "marca": "Roma", "categoria": 3, "stock": "30.00", "unidad_medida": "30x60", "precio_venta": "27.00", "vendidos": "0.00", "proveedor": "NA"}}, {"model": "inventario.producto", "pk": 415, "fields": {"nombre": "Porcelanato Pork Sisley Plata", "marca": "Celima", "categoria": 3, "stock": "10.00", "unidad_medida": "30x60", "precio_venta": "28.00", "vendidos": "0.00", "proveedor": "NA"}}, {"model": "inventario.producto", "pk": 416, "fields": {"nombre": "Ceramico Grafito", "marca": "Celima", "categoria": 1, "stock": "10.00", "unidad_medida": "46x46", "precio_venta": "25.00", "vendidos": "0.00", "proveedor": "NA"}}, {"model": "inventario.producto", "pk": 417, "fields": {"nombre": "Porcelanato Calacata", "marca": "Porcelatino", "categoria": 3, "stock": "19.00", "unidad_medida": "60x60", "precio_venta": "29.00", "vendidos": "0.00", "proveedor": "NA"}}, {"model": "inventario.producto", "pk": 418, "fields": {"nombre": "Pegamento Blanco Flexible", "marca": "Celima", "categoria": 4, "stock": "8.00", "unidad_medida": "Unidades", "precio_venta": "45.00", "vendidos": "0.00", "proveedor": "NA"}}, {"model": "inventario.producto", "pk": 419, "fields": {"nombre": "Pegamento Gris Interiores", "marca": "Celima", "categoria": 4, "stock": "170.00", "unidad_medida": "Unidades", "precio_venta": "20.00", "vendidos": "0.00", "proveedor": "NA"}}, {"model": "inventario.producto", "pk": 420, "fields": {"nombre": "Pegamento Blanco Extra Fuerte", "marca": "Celima", "categoria": 4, "stock": "45.00", "unidad_medida": "Unidades", "precio_venta": "40.00", "vendidos": "0.00", "proveedor": "NA"}}, {"model": "inventario.producto", "pk": 421, "fields": {"nombre": "Pegamento Inka", "marca": "Inka", "categoria": 4, "stock": "100.00", "unidad_medida": "Unidades", "precio_venta": "14.00", "vendidos": "0.00", "proveedor": "NA"}}, {"model": "inventario.producto", "pk": 422, "fields": {"nombre": "Lavatorio Eco", "marca": "Trevol", "categoria": 2, "stock": "3.00", "unidad_medida": "caja", "precio_venta": "50.00", "vendidos": "0.00", "proveedor": "NA"}}, {"model": "inventario.producto", "pk": 423, "fields": {"nombre": "Fragua Cafe", "marca": "Celima", "categoria": 6, "stock": "24.00", "unidad_medida": "Unidades", "precio_venta": "6.00", "vendidos": "0.00", "proveedor": "NA"}}, {"model": "inventario.producto", "pk": 424, "fields": {"nombre": "Fragua Interior Negra", "marca": "Celima", "categoria": 6, "stock": "19.00", "unidad_medida": "Unidades", "precio_venta": "7.00", "vendidos": "0.00", "proveedor": "NA"}}, {"model": "inventario.producto", "pk": 425, "fields": {"nombre": "Fragua Extra Fuerte Hueso", "marca": "Celima", "categoria": 6, "stock": "24.00", "unidad_medida": "Unidades", "precio_venta": "10.00", "vendidos": "0.00", "proveedor": "NA"}}, {"model": "inventario.producto", "pk": 426, "fields": {"nombre": "Fragua Interior Madera", "marca": "Celima", "categoria": 6, "stock": "84.00", "unidad_medida": "Unidades", "precio_venta": "6.00", "vendidos": "0.00", "proveedor": "NA"}}, {"model": "inventario.producto", "pk": 427, "fields": {"nombre": "Fragua Interior Hueso", "marca": "Celima", "categoria": 6, "stock": "58.00", "unidad_medida": "Unidades", "precio_venta": "6.00", "vendidos": "0.00", "proveedor": "NA"}}, {"model": "inventario.producto", "pk": 428, "fields": {"nombre": "Fragua Interior Azul Acero", "marca": "Celima", "categoria": 6, "stock": "24.00", "unidad_medida": "Unidades", "precio_venta": "6.00", "vendidos": "0.00", "proveedor": "NA"}}, {"model": "inventario.producto", "pk": 429, "fields": {"nombre": "Fragua Interior Blanco", "marca": "Celima", "categoria": 6, "stock": "52.00", "unidad_medida": "Unidades", "precio_venta": "6.00", "vendidos": "0.00", "proveedor": "NA"}}, {"model": "inventario.producto", "pk": 430, "fields": {"nombre": "Fragua Acua Marina", "marca": "Celima", "categoria": 6, "stock": "24.00", "unidad_medida": "Unidades", "precio_venta": "6.00", "vendidos": "0.00", "proveedor": "NA"}}, {"model": "inventario.producto", "pk": 431, "fields": {"nombre": "Fragua Interior Abama", "marca": "Celima", "categoria": 6, "stock": "12.00", "unidad_medida": "Unidades", "precio_venta": "6.00", "vendidos": "0.00", "proveedor": "NA"}}, {"model": "inventario.producto", "pk": 432, "fields": {"nombre": "Fragua Gris", "marca": "Celima", "categoria": 6, "stock": "24.00", "unidad_medida": "Unidades", "precio_venta": "6.00", "vendidos": "0.00", "proveedor": "NA"}}, {"model": "inventario.producto", "pk": 433, "fields": {"nombre": "Fragua Interior Granizo", "marca": "Celima", "categoria": 6, "stock": "43.00", "unidad_medida": "Unidades", "precio_venta": "6.00", "vendidos": "0.00", "proveedor": "NA"}}, {"model": "inventario.producto", "pk": 434, "fields": {"nombre": "Fragua Extra Fuerte Granizo", "marca": "Celima", "categoria": 6, "stock": "12.00", "unidad_medida": "Unidades", "precio_venta": "10.00", "vendidos": "0.00", "proveedor": "NA"}}, {"model": "inventario.producto", "pk": 435, "fields": {"nombre": "Ceramica Lotus Gray", "marca": "Gala", "categoria": 1, "stock": "19.00", "unidad_medida": "46X46", "precio_venta": "27.00", "vendidos": "0.00", "proveedor": "NA"}}, {"model": "inventario.producto", "pk": 436, "fields": {"nombre": "Porcelanato Hueso", "marca": "Roma", "categoria": 3, "stock": "15.00", "unidad_medida": "60x60", "precio_venta": "40.00", "vendidos": "0.00", "proveedor": "NA"}}, {"model": "inventario.producto", "pk": 437, "fields": {"nombre": "Lavadero 2 Pozas Fibra de Vidrio", "marca": "NA", "categoria": 9, "stock": "1.00", "unidad_medida": "Unidades", "precio_venta": "250.00", "vendidos": "0.00", "proveedor": "NA"}}, {"model": "inventario.producto", "pk": 438, "fields": {"nombre": "Lavadero 1 Poza Aluminio", "marca": "NA", "categoria": 9, "stock": "1.00", "unidad_medida": "Unidades", "precio_venta": "100.00", "vendidos": "0.00", "proveedor": "NA"}}, {"model": "inventario.producto", "pk": 439, "fields": {"nombre": "Tapas de inodoro", "marca": "America", "categoria": 9, "stock": "9.00", "unidad_medida": "Unidades", "precio_venta": "20.00", "vendidos": "0.00", "proveedor": "NA"}}, {"model": "inventario.producto", "pk": 440, "fields": {"nombre": "Tapas de inodoro pesada", "marca": "Trevol", "categoria": 9, "stock": "9.00", "unidad_medida": "Unidades", "precio_venta": "25.00", "vendidos": "0.00", "proveedor": "NA"}}, {"model": "inventario.producto", "pk": 441, "fields": {"nombre": "Anillo de cera ", "marca": "Magnum", "categoria": 9, "stock": "18.00", "unidad_medida": "Unidades", "precio_venta": "5.00", "vendidos": "0.00", "proveedor": "NA"}}, {"model": "inventario.producto", "pk": 442, "fields": {"nombre": "Anillo de cera con guia", "marca": "Metusa", "categoria": 9, "stock": "6.00", "unidad_medida": "Unidades", "precio_venta": "10.00", "vendidos": "0.00", "proveedor": "NA"}}, {"model": "inventario.producto", "pk": 443, "fields": {"nombre": "Grifo Cromado", "marca": "Fortal", "categoria": 9, "stock": "4.00", "unidad_medida": "Unidades", "precio_venta": "40.00", "vendidos": "0.00", "proveedor": "NA"}}, {"model": "inventario.producto", "pk": 444, "fields": {"nombre": "Llave para lavatorio Cromada", "marca": "Bratia", "categoria": 9, "stock": "6.00", "unidad_medida": "Unidades", "precio_venta": "50.00", "vendidos": "0.00", "proveedor": "NA"}}, {"model": "inventario.producto", "pk": 445, "fields": {"nombre": "Llave para lavatorio Cromada", "marca": "Sevilla", "categoria": 9, "stock": "1.00", "unidad_medida": "Unidades", "precio_venta": "60.00", "vendidos": "0.00", "proveedor": "NA"}}, {"model": "inventario.producto", "pk": 446, "fields": {"nombre": "Despensador de Javon Liquido", "marca": "NA", "categoria": 9, "stock": "3.00", "unidad_medida": "Unidades", "precio_venta": "15.00", "vendidos": "0.00", "proveedor": "NA"}}, {"model": "inventario.producto", "pk": 447, "fields": {"nombre": "Silicona", "marca": "Kanauf", "categoria": 9, "stock": "5.00", "unidad_medida": "Unidades", "precio_venta": "15.00", "vendidos": "0.00", "proveedor": "NA"}}, {"model": "inventario.producto", "pk": 448, "fields": {"nombre": "Pegamento para PVC", "marca": "OATEI", "categoria": 9, "stock": "10.00", "unidad_medida": "Unidades", "precio_venta": "5.00", "vendidos": "0.00", "proveedor": "NA"}}, {"model": "inventario.producto", "pk": 449, "fields": {"nombre": "Brida Flexible", "marca": "Coflex", "categoria": 9, "stock": "2.00", "unidad_medida": "Unidades", "precio_venta": "50.00", "vendidos": "0.00", "proveedor": "NA"}}, {"model": "inventario.producto", "pk": 450, "fields": {"nombre": "Listelo de ceramica para cocina", "marca": "NA", "categoria": 9, "stock": "25.00", "unidad_medida": "Metro Lineal", "precio_venta": "12.00", "vendidos": "0.00", "proveedor": "NA"}}, {"model": "inventario.producto", "pk": 451, "fields": {"nombre": "Listelo de vidrio para ba±o Handmade", "marca": "NA", "categoria": 9, "stock": "36.00", "unidad_medida": "Unidades", "precio_venta": "15.00", "vendidos": "0.00", "proveedor": "NA"}}, {"model": "inventario.producto", "pk": 452, "fields": {"nombre": "Listelo de vidrio para ba±o Relaxdowwel", "marca": "NA", "categoria": 9, "stock": "55.00", "unidad_medida": "Unidades", "precio_venta": "15.00", "vendidos": "0.00", "proveedor": "NA"}}, {"model": "inventario.producto", "pk": 453, "fields": {"nombre": "Listelo de vidrio para ba±o Delfin", "marca": "NA", "categoria": 9, "stock": "32.00", "unidad_medida": "Unidades", "precio_venta": "15.00", "vendidos": "0.00", "proveedor": "NA"}}, {"model": "inventario.producto", "pk": 454, "fields": {"nombre": "Listelo de vidrio para ba±o Flores", "marca": "NA", "categoria": 9, "stock": "13.00", "unidad_medida": "Unidades", "precio_venta": "15.00", "vendidos": "0.00", "proveedor": "NA"}}, {"model": "inventario.producto", "pk": 455, "fields": {"nombre": "Listelo de vidrio para ba±o Green", "marca": "NA", "categoria": 9, "stock": "11.00", "unidad_medida": "Unidades", "precio_venta": "15.00", "vendidos": "0.00", "proveedor": "NA"}}, {"model": "inventario.producto", "pk": 456, "fields": {"nombre": "Listelo de vidrio para cocina Rosa", "marca": "NA", "categoria": 9, "stock": "9.00", "unidad_medida": "Unidades", "precio_venta": "15.00", "vendidos": "0.00", "proveedor": "NA"}}, {"model": "inventario.producto", "pk": 457, "fields": {"nombre": "Listelo de vidrio para cocina Rojo", "marca": "NA", "categoria": 9, "stock": "19.00", "unidad_medida": "Unidades", "precio_venta": "15.00", "vendidos": "0.00", "proveedor": "NA"}}, {"model": "inventario.producto", "pk": 458, "fields": {"nombre": "Listelo de vidrio para cocina Blanco con Rojo", "marca": "NA", "categoria": 9, "stock": "19.00", "unidad_medida": "Unidades", "precio_venta": "15.00", "vendidos": "0.00", "proveedor": "NA"}}, {"model": "inventario.producto", "pk": 459, "fields": {"nombre": "Listelo de vidrio para cocina Copas Naranja", "marca": "NA", "categoria": 9, "stock": "15.00", "unidad_medida": "Unidades", "precio_venta": "15.00", "vendidos": "0.00", "proveedor": "NA"}}, {"model": "inventario.producto", "pk": 460, "fields": {"nombre": "Listelo de vidrio para cocina CafÚ", "marca": "NA", "categoria": 9, "stock": "16.00", "unidad_medida": "Unidades", "precio_venta": "15.00", "vendidos": "0.00", "proveedor": "NA"}}, {"model": "inventario.producto", "pk": 461, "fields": {"nombre": "Listelo de vidrio para cocina Good Mornig", "marca": "NA", "categoria": 9, "stock": "32.00", "unidad_medida": "Unidades", "precio_venta": "15.00", "vendidos": "0.00", "proveedor": "NA"}}, {"model": "inventario.producto", "pk": 462, "fields": {"nombre": "Listelo de ceramicos para cocina Cuadros", "marca": "NA", "categoria": 9, "stock": "6.00", "unidad_medida": "Metro Lineal", "precio_venta": "15.00", "vendidos": "0.00", "proveedor": "NA"}}, {"model": "inventario.producto", "pk": 463, "fields": {"nombre": "Listelo de ceramicos para cocina Break Fast", "marca": "NA", "categoria": 9, "stock": "3.00", "unidad_medida": "Metro Lineal", "precio_venta": "15.00", "vendidos": "0.00", "proveedor": "NA"}}, {"model": "inventario.producto", "pk": 464, "fields": {"nombre": "Listelo de ceramico para ba±o Rojo", "marca": "NA", "categoria": 9, "stock": "5.00", "unidad_medida": "Pieza", "precio_venta": "15.00", "vendidos": "0.00", "proveedor": "NA"}}, {"model": "inventario.producto", "pk": 465, "fields": {"nombre": "Listelo de ceramicos para cocina Gris", "marca": "NA", "categoria": 9, "stock": "10.00", "unidad_medida": "Unidades", "precio_venta": "20.00", "vendidos": "0.00", "proveedor": "NA"}}, {"model": "inventario.producto", "pk": 466, "fields": {"nombre": "Listelo de ceramico para ba±o Gris", "marca": "NA", "categoria": 9, "stock": "8.00", "unidad_medida": "Unidades", "precio_venta": "20.00", "vendidos": "0.00", "proveedor": "NA"}}, {"model": "inventario.producto", "pk": 467, "fields": {"nombre": "Listelo de ceramicos para cocina Rojo", "marca": "NA", "categoria": 9, "stock": "14.00", "unidad_medida": "Unidades", "precio_venta": "15.00", "vendidos": "0.00", "proveedor": "NA"}}, {"model": "inventario.producto", "pk": 468, "fields": {"nombre": "Listelo de ceramica para cocina Naranaj", "marca": "NA", "categoria": 9, "stock": "15.00", "unidad_medida": "Piezas", "precio_venta": "20.00", "vendidos": "0.00", "proveedor": "NA"}}, {"model": "inventario.producto", "pk": 469, "fields": {"nombre": "Perfil de PVC Gris claro", "marca": "NA", "categoria": 9, "stock": "93.00", "unidad_medida": "Unidades", "precio_venta": "3.00", "vendidos": "0.00", "proveedor": "NA"}}, {"model": "inventario.producto", "pk": 470, "fields": {"nombre": "Perfil de PVC Gris Oscuro", "marca": "NA", "categoria": 9, "stock": "94.00", "unidad_medida": "Unidades", "precio_venta": "3.00", "vendidos": "0.00", "proveedor": "NA"}}, {"model": "inventario.producto", "pk": 471, "fields": {"nombre": "Perfil de PVC Cuero Claro", "marca": "NA", "categoria": 9, "stock": "36.00", "unidad_medida": "Unidades", "precio_venta": "3.00", "vendidos": "0.00", "proveedor": "NA"}}, {"model": "inventario.producto", "pk": 472, "fields": {"nombre": "Perfil de PVC Bone", "marca": "NA", "categoria": 9, "stock": "39.00", "unidad_medida": "Unidades", "precio_venta": "3.00", "vendidos": "0.00", "proveedor": "NA"}}, {"model": "inventario.producto", "pk": 473, "fields": {"nombre": "Perfil de Pvc Blanco", "marca": "NA", "categoria": 9, "stock": "100.00", "unidad_medida": "Unidades", "precio_venta": "3.00", "vendidos": "0.00", "proveedor": "NA"}}, {"model": "inventario.producto", "pk": 474, "fields": {"nombre": "Perfil de Pvc Negro", "marca": "NA", "categoria": 9, "stock": "45.00", "unidad_medida": "Unidades", "precio_venta": "3.00", "vendidos": "0.00", "proveedor": "NA"}}, {"model": "inventario.producto", "pk": 475, "fields": {"nombre": "Perfil de Pvc Madera", "marca": "NA", "categoria": 9, "stock": "62.00", "unidad_medida": "Unidades", "precio_venta": "3.00", "vendidos": "0.00", "proveedor": "NA"}}, {"model": "inventario.producto", "pk": 476, "fields": {"nombre": "Perfil de Pvc Verde Oscuro", "marca": "NA", "categoria": 9, "stock": "17.00", "unidad_medida": "Unidades", "precio_venta": "3.00", "vendidos": "0.00", "proveedor": "NA"}}, {"model": "inventario.producto", "pk": 477, "fields": {"nombre": "Perfil de Pvc Celeste Claro", "marca": "NA", "categoria": 9, "stock": "19.00", "unidad_medida": "Unidades", "precio_venta": "3.00", "vendidos": "0.00", "proveedor": "NA"}}, {"model": "inventario.producto", "pk": 478, "fields": {"nombre": "Perfil de Pvc Marfil Claro", "marca": "NA", "categoria": 9, "stock": "42.00", "unidad_medida": "Unidades", "precio_venta": "3.00", "vendidos": "0.00", "proveedor": "NA"}}, {"model": "inventario.producto", "pk": 479, "fields": {"nombre": "Perfil de Pvc Marrron Oscuro", "marca": "NA", "categoria": 9, "stock": "18.00", "unidad_medida": "Unidades", "precio_venta": "3.00", "vendidos": "0.00", "proveedor": "NA"}}, {"model": "inventario.producto", "pk": 480, "fields": {"nombre": "Perfil de Pvc Marfil Oscuro", "marca": "NA", "categoria": 9, "stock": "50.00", "unidad_medida": "Unidades", "precio_venta": "3.00", "vendidos": "0.00", "proveedor": "NA"}}, {"model": "inventario.producto", "pk": 481, "fields": {"nombre": "Perfil de Aluminio Plateado", "marca": "NA", "categoria": 9, "stock": "229.00", "unidad_medida": "Unidades", "precio_venta": "12.00", "vendidos": "0.00", "proveedor": "NA"}}, {"model": "inventario.producto", "pk": 482, "fields": {"nombre": "Perfil de Aluminio Dorado", "marca": "NA", "categoria": 9, "stock": "34.00", "unidad_medida": "Unidades", "precio_venta": "15.00", "vendidos": "0.00", "proveedor": "NA"}}, {"model": "inventario.producto", "pk": 483, "fields": {"nombre": "Otro", "marca": "NA", "categoria": 8, "stock": "0.00", "unidad_medida": "NA", "precio_venta": "0.00", "vendidos": "0.00", "proveedor": "NA"}}, {"model": "auth.permission", "fields": {"name": "Can add log entry", "content_type": ["admin", "logentry"], "codename": "add_logentry"}}, {"model": "auth.permission", "fields": {"name": "Can change log entry", "content_type": ["admin", "logentry"], "codename": "change_logentry"}}, {"model": "auth.permission", "fields": {"name": "Can delete log entry", "content_type": ["admin", "logentry"], "codename": "delete_logentry"}}, {"model": "auth.permission", "fields": {"name": "Can view log entry", "content_type": ["admin", "logentry"], "codename": "view_logentry"}}, {"model": "auth.permission", "fields": {"name": "Can add permission", "content_type": ["auth", "permission"], "codename": "add_permission"}}, {"model": "auth.permission", "fields": {"name": "Can change permission", "content_type": ["auth", "permission"], "codename": "change_permission"}}, {"model": "auth.permission", "fields": {"name": "Can delete permission", "content_type": ["auth", "permission"], "codename": "delete_permission"}}, {"model": "auth.permission", "fields": {"name": "Can view permission", "content_type": ["auth", "permission"], "codename": "view_permission"}}, {"model": "auth.permission", "fields": {"name": "Can add group", "content_type": ["auth", "group"], "codename": "add_group"}}, {"model": "auth.permission", "fields": {"name": "Can change group", "content_type": ["auth", "group"], "codename": "change_group"}}, {"model": "auth.permission", "fields": {"name": "Can delete group", "content_type": ["auth", "group"], "codename": "delete_group"}}, {"model": "auth.permission", "fields": {"name": "Can view group", "content_type": ["auth", "group"], "codename": "view_group"}}, {"model": "auth.permission", "fields": {"name": "Can add user", "content_type": ["auth", "user"], "codename": "add_user"}}, {"model": "auth.permission", "fields": {"name": "Can change user", "content_type": ["auth", "user"], "codename": "change_user"}}, {"model": "auth.permission", "fields": {"name": "Can delete user", "content_type": ["auth", "user"], "codename": "delete_user"}}, {"model": "auth.permission", "fields": {"name": "Can view user", "content_type": ["auth", "user"], "codename": "view_user"}}, {"model": "auth.permission", "fields": {"name": "Can add content type", "content_type": ["contenttypes", "contenttype"], "codename": "add_contenttype"}}, {"model": "auth.permission", "fields": {"name": "Can change content type", "content_type": ["contenttypes", "contenttype"], "codename": "change_contenttype"}}, {"model": "auth.permission", "fields": {"name": "Can delete content type", "content_type": ["contenttypes", "contenttype"], "codename": "delete_contenttype"}}, {"model": "auth.permission", "fields": {"name": "Can view content type", "content_type": ["contenttypes", "contenttype"], "codename": "view_contenttype"}}, {"model": "auth.permission", "fields": {"name": "Can add session", "content_type": ["sessions", "session"], "codename": "add_session"}}, {"model": "auth.permission", "fields": {"name": "Can change session", "content_type": ["sessions", "session"], "codename": "change_session"}}, {"model": "auth.permission", "fields": {"name": "Can delete session", "content_type": ["sessions", "session"], "codename": "delete_session"}}, {"model": "auth.permission", "fields": {"name": "Can view session", "content_type": ["sessions", "session"], "codename": "view_session"}}, {"model": "auth.permission", "fields": {"name": "Can add categoria", "content_type": ["inventario", "categoria"], "codename": "add_categoria"}}, {"model": "auth.permission", "fields": {"name": "Can change categoria", "content_type": ["inventario", "categoria"], "codename": "change_categoria"}}, {"model": "auth.permission", "fields": {"name": "Can delete categoria", "content_type": ["inventario", "categoria"], "codename": "delete_categoria"}}, {"model": "auth.permission", "fields": {"name": "Can view categoria", "content_type": ["inventario", "categoria"], "codename": "view_categoria"}}, {"model": "auth.permission", "fields": {"name": "Can add cliente", "content_type": ["inventario", "cliente"], "codename": "add_cliente"}}, {"model": "auth.permission", "fields": {"name": "Can change cliente", "content_type": ["inventario", "cliente"], "codename": "change_cliente"}}, {"model": "auth.permission", "fields": {"name": "Can delete cliente", "content_type": ["inventario", "cliente"], "codename": "delete_cliente"}}, {"model": "auth.permission", "fields": {"name": "Can view cliente", "content_type": ["inventario", "cliente"], "codename": "view_cliente"}}, {"model": "auth.permission", "fields": {"name": "Can add caja", "content_type": ["inventario", "caja"], "codename": "add_caja"}}, {"model": "auth.permission", "fields": {"name": "Can change caja", "content_type": ["inventario", "caja"], "codename": "change_caja"}}, {"model": "auth.permission", "fields": {"name": "Can delete caja", "content_type": ["inventario", "caja"], "codename": "delete_caja"}}, {"model": "auth.permission", "fields": {"name": "Can view caja", "content_type": ["inventario", "caja"], "codename": "view_caja"}}, {"model": "auth.permission", "fields": {"name": "Can add producto", "content_type": ["inventario", "producto"], "codename": "add_producto"}}, {"model": "auth.permission", "fields": {"name": "Can change producto", "content_type": ["inventario", "producto"], "codename": "change_producto"}}, {"model": "auth.permission", "fields": {"name": "Can delete producto", "content_type": ["inventario", "producto"], "codename": "delete_producto"}}, {"model": "auth.permission", "fields": {"name": "Can view producto", "content_type": ["inventario", "producto"], "codename": "view_producto"}}, {"model": "auth.permission", "fields": {"name": "Can add sale", "content_type": ["inventario", "sale"], "codename": "add_sale"}}, {"model": "auth.permission", "fields": {"name": "Can change sale", "content_type": ["inventario", "sale"], "codename": "change_sale"}}, {"model": "auth.permission", "fields": {"name": "Can delete sale", "content_type": ["inventario", "sale"], "codename": "delete_sale"}}, {"model": "auth.permission", "fields": {"name": "Can view sale", "content_type": ["inventario", "sale"], "codename": "view_sale"}}, {"model": "auth.permission", "fields": {"name": "Can add sale item", "content_type": ["inventario", "saleitem"], "codename": "add_saleitem"}}, {"model": "auth.permission", "fields": {"name": "Can change sale item", "content_type": ["inventario", "saleitem"], "codename": "change_saleitem"}}, {"model": "auth.permission", "fields": {"name": "Can delete sale item", "content_type": ["inventario", "saleitem"], "codename": "delete_saleitem"}}, {"model": "auth.permission", "fields": {"name": "Can view sale item", "content_type": ["inventario", "saleitem"], "codename": "view_saleitem"}}, {"model": "auth.user", "fields": {"password": "pbkdf2_sha256$1000000$HMTekYU2ZRnaePbLEC1cEt$PqPRE6sHZ8PpFgN8QnQyU1stBY6sSaIiZ1aKmutCELE=", "last_login": "2025-08-25T18:48:20.026Z", "is_superuser": false, "username": "EVELYN", "first_name": "", "last_name": "", "email": "", "is_staff": false, "is_active": true, "date_joined": "2025-08-21T18:56:34.070Z", "groups": [], "user_permissions": []}}, {"model": "auth.user", "fields": {"password": "pbkdf2_sha256$1000000$U1WUGvzi7HCRnxdT0d82F6$ybzO81Y7/we0H+BzT4r7wY1cu87BnYo7qjV8lljdOts=", "last_login": "2025-08-21T20:44:38.275Z", "is_superuser": true, "username": "ADMINEVELYN", "first_name": "", "last_name": "", "email": "ceramicos38@gmail.com", "is_staff": true, "is_active": true, "date_joined": "2025-08-21T20:40:59.622Z", "groups": [], "user_permissions": []}}, {"model": "auth.user", "fields": {"password": "pbkdf2_sha256$1000000$DjwZ9fz6PPtkNjIZpbHALZ$xLnfJd3+PGnnVg96J/BqyxohQt+Xz4SJGfIfwvysUMw=", "last_login": "2025-08-21T22:53:52.740Z", "is_superuser": false, "username": "SAUL", "first_name": "", "last_name": "", "email": "", "is_staff": false, "is_active": true, "date_joined": "2025-08-21T22:08:00.750Z", "groups": [], "user_permissions": []}}, {"model": "auth.user", "fields": {"password": "pbkdf2_sha256$1000000$hKeBfFzbIFCl4jtO153JLv$cLvtTXo8/bl3rwbJmVoyYM0cUKYTpSTnH0askeve9kU=", "last_login": "2025-09-01T22:02:59.997Z", "is_superuser": true, "username": "EVELYNADMIN", "first_name": "", "last_name": "", "email": "ceramicos38@gmail.com", "is_staff": true, "is_active": true, "date_joined": "2025-08-21T22:20:43.958Z", "groups": [], "user_permissions": []}}, {"model": "auth.user", "fields": {"password": "pbkdf2_sha256$1000000$nz8guSAbEKrDoUwSSjTpeB$RfvTss6gVuPDhDdJOthKJzpjBa93ddjmUuswmKvn4cM=", "last_login": null, "is_superuser": true, "username": "ADMIN", "first_name": "", "last_name": "", "email": "ceramicos38@gmail.com", "is_staff": true, "is_active": true, "date_joined": "2025-09-01T21:57:09.026Z", "groups": [], "user_permissions": []}}, {"model": "auth.user", "fields": {"password": "pbkdf2_sha256$1000000$uZFt3D8bEn7hRL5LJeo3sq$2MuBjZQiqML9E3ifz1Dz36hjscpEz1w4teNFJg8x4uI=", "last_login": null, "is_superuser": true, "username": "ADMIN123", "first_name": "", "last_name": "", "email": "ceramicos38@gmail.com", "is_staff": true, "is_active": true, "date_joined": "2025-09-01T22:31:11.454Z", "groups": [], "user_permissions": []}}]
